{
  "FromHoneybeeSimulationParameter": {
    "simulation_parameter_json": "C:\\Users\\alejandro.s\\AppData\\Local\\Building_urban_analysis\\Scripts\\long_wave_radiation_coupling\\Ale\\data\\simulation_parameters.json",
    "applicable": true
  },
  "FromHoneybeeModel": {
    "model_json": "C:\\Users\\alejandro.s\\AppData\\Local\\Building_urban_analysis\\Scripts\\long_wave_radiation_coupling\\Ale\\data\\model_no_shade_win_not_el.hbjson",
    "schedule_csv_dir": "",
    "include_datetimes": false,
    "applicable": true
  }
}